<?xml version="1.0" encoding="UTF-8"?>
<metadata xml:lang="en"><Esri><CreaDate>20150227</CreaDate><CreaTime>16033900</CreaTime><SyncOnce>FALSE</SyncOnce><DataProperties><lineage><Process ToolSource="C:\ArcGIS\ArcToolbox\Toolboxes\Data Management Tools.tbx\Append" Date="20120703" Time="170354">Append \\igskiacwgstexas\Project\b8653_cj7\Data\USA\US\US.gdb\CONUS\PreWaterbodies \\igskiacwgstexas\Project\b8653_cj7\Data\USA\US\USHydro_20120703.gdb\Hydro\Waterbodies NO_TEST "WaterbdyID 'WaterbdyID' true true false 4 Long 0 0 ,First,#,\\igskiacwgstexas\Project\b8653_cj7\Data\USA\US\US.gdb\CONUS\PreWaterbodies,WaterbdyID,-1,-1;Name 'Name' true true false 150 Text 0 0 ,First,#,\\igskiacwgstexas\Project\b8653_cj7\Data\USA\US\US.gdb\CONUS\PreWaterbodies,Name,-1,-1;Feature 'Feature' true true false 50 Text 0 0 ,First,#,\\igskiacwgstexas\Project\b8653_cj7\Data\USA\US\US.gdb\CONUS\PreWaterbodies,Feature,-1,-1;F_Code 'F_Code' true true false 2 Short 0 0 ,First,#,\\igskiacwgstexas\Project\b8653_cj7\Data\USA\US\US.gdb\CONUS\PreWaterbodies,F_Code,-1,-1;State 'State' true true false 20 Text 0 0 ,First,#,\\igskiacwgstexas\Project\b8653_cj7\Data\USA\US\US.gdb\CONUS\PreWaterbodies,State,-1,-1;State_FIPS 'State_FIPS' true true false 20 Text 0 0 ,First,#,\\igskiacwgstexas\Project\b8653_cj7\Data\USA\US\US.gdb\CONUS\PreWaterbodies,State_FIPS,-1,-1;Region 'Region' true true false 2 Short 0 0 ,First,#,\\igskiacwgstexas\Project\b8653_cj7\Data\USA\US\US.gdb\CONUS\PreWaterbodies,Region,-1,-1;Perim_mi 'Perim_mi' true true false 8 Double 0 0 ,First,#,\\igskiacwgstexas\Project\b8653_cj7\Data\USA\US\US.gdb\CONUS\PreWaterbodies,Perim_mi,-1,-1;Area_mi 'Area_mi' true true false 8 Double 0 0 ,First,#,\\igskiacwgstexas\Project\b8653_cj7\Data\USA\US\US.gdb\CONUS\PreWaterbodies,Area_mi,-1,-1;GM_f_code 'GM_f_code' true true false 5 Text 0 0 ,First,#,\\igskiacwgstexas\Project\b8653_cj7\Data\USA\US\US.gdb\CONUS\PreWaterbodies,GM_f_code,-1,-1;GM_hyc 'GM_hyc' true true false 2 Short 0 0 ,First,#,\\igskiacwgstexas\Project\b8653_cj7\Data\USA\US\US.gdb\CONUS\PreWaterbodies,GM_hyc,-1,-1;GM_hyt 'GM_hyt' true true false 2 Short 0 0 ,First,#,\\igskiacwgstexas\Project\b8653_cj7\Data\USA\US\US.gdb\CONUS\PreWaterbodies,GM_hyt,-1,-1;GM_nam 'GM_nam' true true false 150 Text 0 0 ,First,#,\\igskiacwgstexas\Project\b8653_cj7\Data\USA\US\US.gdb\CONUS\PreWaterbodies,GM_nam,-1,-1;GM_soc 'GM_soc' true true false 3 Text 0 0 ,First,#,\\igskiacwgstexas\Project\b8653_cj7\Data\USA\US\US.gdb\CONUS\PreWaterbodies,GM_soc,-1,-1;SHAPE_Length 'SHAPE_Length' false true true 8 Double 0 0 ,First,#,\\igskiacwgstexas\Project\b8653_cj7\Data\USA\US\US.gdb\CONUS\PreWaterbodies,SHAPE_Length,-1,-1;SHAPE_Area 'SHAPE_Area' false true true 8 Double 0 0 ,First,#,\\igskiacwgstexas\Project\b8653_cj7\Data\USA\US\US.gdb\CONUS\PreWaterbodies,SHAPE_Area,-1,-1" # \\igskiacwgstexas\Project\b8653_cj7\Data\USA\US\USHydro_20120703.gdb\Hydro\Waterbodies</Process><Process ToolSource="c:\arcgis\desktop10.0\ArcToolbox\Toolboxes\Data Management Tools.tbx\CopyFeatures" Date="20120705" Time="090753">CopyFeatures D:\Workspace\Hydro1M\DATA\RAW\Hydro1M_20120703\USHydro_20120703.gdb\Hydro\Waterbodies D:\Workspace\NationalAtlas\DATA\WORKING\Frameworks_As_Of_20120703.gdb\NationalAtlasLayers\Waterbodies # 0 0 0</Process><Process ToolSource="c:\arcgis\desktop10.0\ArcToolbox\Toolboxes\Conversion Tools.tbx\FeatureClassToFeatureClass" Date="20120718" Time="160703">FeatureClassToFeatureClass D:\Workspace\NationalAtlas\DATA\WORKING\Frameworks_As_Of_20120703.gdb\NationalAtlasLayers\Waterbodies L:\Atlas\For_ChristyAnn\From_Dan_7_18_12\National_Atlas_Intial_Release\Waterbodies_Wetlands Waterbodies_7_18_2012.shp # "WaterbdyID "WaterbdyID" true true false 4 Long 0 0 ,First,#,D:\Workspace\NationalAtlas\DATA\WORKING\Frameworks_As_Of_20120703.gdb\NationalAtlasLayers\Waterbodies,WaterbdyID,-1,-1;Name "Name" true true false 150 Text 0 0 ,First,#,D:\Workspace\NationalAtlas\DATA\WORKING\Frameworks_As_Of_20120703.gdb\NationalAtlasLayers\Waterbodies,Name,-1,-1;Feature "Feature" true true false 50 Text 0 0 ,First,#,D:\Workspace\NationalAtlas\DATA\WORKING\Frameworks_As_Of_20120703.gdb\NationalAtlasLayers\Waterbodies,Feature,-1,-1;F_Code "F_Code" true true false 2 Short 0 0 ,First,#,D:\Workspace\NationalAtlas\DATA\WORKING\Frameworks_As_Of_20120703.gdb\NationalAtlasLayers\Waterbodies,F_Code,-1,-1;State "State" true true false 20 Text 0 0 ,First,#,D:\Workspace\NationalAtlas\DATA\WORKING\Frameworks_As_Of_20120703.gdb\NationalAtlasLayers\Waterbodies,State,-1,-1;State_FIPS "State_FIPS" true true false 20 Text 0 0 ,First,#,D:\Workspace\NationalAtlas\DATA\WORKING\Frameworks_As_Of_20120703.gdb\NationalAtlasLayers\Waterbodies,State_FIPS,-1,-1;Region "Region" true true false 2 Short 0 0 ,First,#,D:\Workspace\NationalAtlas\DATA\WORKING\Frameworks_As_Of_20120703.gdb\NationalAtlasLayers\Waterbodies,Region,-1,-1;Perim_mi "Perim_mi" true true false 8 Double 0 0 ,First,#,D:\Workspace\NationalAtlas\DATA\WORKING\Frameworks_As_Of_20120703.gdb\NationalAtlasLayers\Waterbodies,Perim_mi,-1,-1;Area_mi "Area_mi" true true false 8 Double 0 0 ,First,#,D:\Workspace\NationalAtlas\DATA\WORKING\Frameworks_As_Of_20120703.gdb\NationalAtlasLayers\Waterbodies,Area_mi,-1,-1;GM_f_code "GM_f_code" true true false 5 Text 0 0 ,First,#,D:\Workspace\NationalAtlas\DATA\WORKING\Frameworks_As_Of_20120703.gdb\NationalAtlasLayers\Waterbodies,GM_f_code,-1,-1;GM_hyc "GM_hyc" true true false 2 Short 0 0 ,First,#,D:\Workspace\NationalAtlas\DATA\WORKING\Frameworks_As_Of_20120703.gdb\NationalAtlasLayers\Waterbodies,GM_hyc,-1,-1;GM_hyt "GM_hyt" true true false 2 Short 0 0 ,First,#,D:\Workspace\NationalAtlas\DATA\WORKING\Frameworks_As_Of_20120703.gdb\NationalAtlasLayers\Waterbodies,GM_hyt,-1,-1;GM_nam "GM_nam" true true false 150 Text 0 0 ,First,#,D:\Workspace\NationalAtlas\DATA\WORKING\Frameworks_As_Of_20120703.gdb\NationalAtlasLayers\Waterbodies,GM_nam,-1,-1;GM_soc "GM_soc" true true false 3 Text 0 0 ,First,#,D:\Workspace\NationalAtlas\DATA\WORKING\Frameworks_As_Of_20120703.gdb\NationalAtlasLayers\Waterbodies,GM_soc,-1,-1;SHAPE_Leng "SHAPE_Length" false true true 8 Double 0 0 ,First,#,D:\Workspace\NationalAtlas\DATA\WORKING\Frameworks_As_Of_20120703.gdb\NationalAtlasLayers\Waterbodies,SHAPE_Length,-1,-1;SHAPE_Area "SHAPE_Area" false true true 8 Double 0 0 ,First,#,D:\Workspace\NationalAtlas\DATA\WORKING\Frameworks_As_Of_20120703.gdb\NationalAtlasLayers\Waterbodies,SHAPE_Area,-1,-1;USER_NAME "USER_NAME" true true false 50 Text 0 0 ,First,#,D:\Workspace\NationalAtlas\DATA\WORKING\Frameworks_As_Of_20120703.gdb\NationalAtlasLayers\Waterbodies,USER_NAME,-1,-1;EDIT_DATE "EDIT_DATE" true true false 8 Date 0 0 ,First,#,D:\Workspace\NationalAtlas\DATA\WORKING\Frameworks_As_Of_20120703.gdb\NationalAtlasLayers\Waterbodies,EDIT_DATE,-1,-1" #</Process><Process ToolSource="c:\arcgis\desktop10.0\ArcToolbox\Toolboxes\Data Management Tools.tbx\DeleteField" Date="20120724" Time="124351">DeleteField Waterbodies_7_24_12 SHAPE_Leng;SHAPE_Area</Process></lineage><itemProps><itemName Sync="TRUE">WaterbodiesBear</itemName><imsContentType Sync="TRUE">002</imsContentType><itemLocation><linkage Sync="TRUE">file://\\ADEABDALLAH\C$\AdelAbdallah\PhD\CI-Water\Shapefiles&amp;Maps\ShapefilesBearCollaboration\WaterbodiesBear.shp</linkage><protocol Sync="TRUE">Local Area Network</protocol></itemLocation><itemSize Sync="TRUE">0.000</itemSize></itemProps><coordRef><type Sync="TRUE">Geographic</type><geogcsn Sync="TRUE">GCS_WGS_1984</geogcsn><csUnits Sync="TRUE">Angular Unit: Degree (0.017453)</csUnits><peXml Sync="TRUE">&lt;GeographicCoordinateSystem xsi:type='typens:GeographicCoordinateSystem' xmlns:xsi='http://www.w3.org/2001/XMLSchema-instance' xmlns:xs='http://www.w3.org/2001/XMLSchema' xmlns:typens='http://www.esri.com/schemas/ArcGIS/10.1'&gt;&lt;WKT&gt;GEOGCS[&amp;quot;GCS_WGS_1984&amp;quot;,DATUM[&amp;quot;D_WGS_1984&amp;quot;,SPHEROID[&amp;quot;WGS_1984&amp;quot;,6378137.0,298.257223563]],PRIMEM[&amp;quot;Greenwich&amp;quot;,0.0],UNIT[&amp;quot;Degree&amp;quot;,0.0174532925199433],AUTHORITY[&amp;quot;EPSG&amp;quot;,4326]]&lt;/WKT&gt;&lt;XOrigin&gt;-400&lt;/XOrigin&gt;&lt;YOrigin&gt;-400&lt;/YOrigin&gt;&lt;XYScale&gt;11258999068426.238&lt;/XYScale&gt;&lt;ZOrigin&gt;-100000&lt;/ZOrigin&gt;&lt;ZScale&gt;10000&lt;/ZScale&gt;&lt;MOrigin&gt;-100000&lt;/MOrigin&gt;&lt;MScale&gt;10000&lt;/MScale&gt;&lt;XYTolerance&gt;8.983152841195215e-009&lt;/XYTolerance&gt;&lt;ZTolerance&gt;0.001&lt;/ZTolerance&gt;&lt;MTolerance&gt;0.001&lt;/MTolerance&gt;&lt;HighPrecision&gt;true&lt;/HighPrecision&gt;&lt;LeftLongitude&gt;-180&lt;/LeftLongitude&gt;&lt;WKID&gt;4326&lt;/WKID&gt;&lt;LatestWKID&gt;4326&lt;/LatestWKID&gt;&lt;/GeographicCoordinateSystem&gt;</peXml></coordRef></DataProperties><SyncDate>20150227</SyncDate><SyncTime>15572700</SyncTime><ModDate>20150227</ModDate><ModTime>15572700</ModTime><ArcGISFormat>1.0</ArcGISFormat></Esri><dataIdInfo><envirDesc Sync="TRUE">Microsoft Windows 7 Version 6.1 (Build 7601) Service Pack 1; Esri ArcGIS 10.2.0.3348</envirDesc><dataLang><languageCode value="eng" Sync="TRUE"></languageCode><countryCode value="USA" Sync="TRUE"></countryCode></dataLang><idCitation><resTitle Sync="TRUE">WaterbodiesBear</resTitle><presForm><PresFormCd value="005" Sync="TRUE"></PresFormCd></presForm></idCitation><spatRpType><SpatRepTypCd value="001" Sync="TRUE"></SpatRepTypCd></spatRpType></dataIdInfo><mdLang><languageCode value="eng" Sync="TRUE"></languageCode><countryCode value="USA" Sync="TRUE"></countryCode></mdLang><distInfo><distFormat><formatName Sync="TRUE">Shapefile</formatName></distFormat><distTranOps><transSize Sync="TRUE">0.000</transSize></distTranOps></distInfo><mdHrLv><ScopeCd value="005" Sync="TRUE"></ScopeCd></mdHrLv><mdHrLvName Sync="TRUE">dataset</mdHrLvName><refSysInfo><RefSystem><refSysID><identCode code="4326" Sync="TRUE" value="4269"></identCode><idCodeSpace Sync="TRUE">EPSG</idCodeSpace><idVersion Sync="TRUE">8.1.1</idVersion></refSysID></RefSystem></refSysInfo><spatRepInfo><VectSpatRep><geometObjs Name="WaterbodiesBear"><geoObjTyp><GeoObjTypCd value="002" Sync="TRUE"></GeoObjTypCd></geoObjTyp><geoObjCnt Sync="TRUE">0</geoObjCnt></geometObjs><topLvl><TopoLevCd value="001" Sync="TRUE"></TopoLevCd></topLvl></VectSpatRep></spatRepInfo><spdoinfo><ptvctinf><esriterm Name="WaterbodiesBear"><efeatyp Sync="TRUE">Simple</efeatyp><efeageom code="4" Sync="TRUE"></efeageom><esritopo Sync="TRUE">FALSE</esritopo><efeacnt Sync="TRUE">0</efeacnt><spindex Sync="TRUE">FALSE</spindex><linrefer Sync="TRUE">FALSE</linrefer></esriterm></ptvctinf></spdoinfo><eainfo><detailed Name="WaterbodiesBear"><enttyp><enttypl Sync="TRUE">WaterbodiesBear</enttypl><enttypt Sync="TRUE">Feature Class</enttypt><enttypc Sync="TRUE">0</enttypc></enttyp><attr><attrlabl Sync="TRUE">FID</attrlabl><attalias Sync="TRUE">FID</attalias><attrtype Sync="TRUE">OID</attrtype><attwidth Sync="TRUE">4</attwidth><atprecis Sync="TRUE">0</atprecis><attscale Sync="TRUE">0</attscale><attrdef Sync="TRUE">Internal feature number.</attrdef><attrdefs Sync="TRUE">ESRI</attrdefs><attrdomv><udom Sync="TRUE">Sequential unique whole numbers that are automatically generated.</udom></attrdomv></attr><attr><attrlabl Sync="TRUE">SHAPE</attrlabl><attalias Sync="TRUE">Shape</attalias><attrtype Sync="TRUE">Geometry</attrtype><attwidth Sync="TRUE">0</attwidth><atprecis Sync="TRUE">0</atprecis><attscale Sync="TRUE">0</attscale><attrdef Sync="TRUE">Feature geometry.</attrdef><attrdefs Sync="TRUE">ESRI</attrdefs><attrdomv><udom Sync="TRUE">Coordinates defining the features.</udom></attrdomv></attr><attr><attrlabl Sync="TRUE">WaterbdyID</attrlabl><attalias Sync="TRUE">WaterbdyID</attalias><attrtype Sync="TRUE">Integer</attrtype><attwidth Sync="TRUE">9</attwidth><atprecis Sync="TRUE">9</atprecis><attscale Sync="TRUE">0</attscale></attr><attr><attrlabl Sync="TRUE">Name</attrlabl><attalias Sync="TRUE">Name</attalias><attrtype Sync="TRUE">String</attrtype><attwidth Sync="TRUE">150</attwidth><atprecis Sync="TRUE">0</atprecis><attscale Sync="TRUE">0</attscale></attr><attr><attrlabl Sync="TRUE">Feature</attrlabl><attalias Sync="TRUE">Feature</attalias><attrtype Sync="TRUE">String</attrtype><attwidth Sync="TRUE">50</attwidth><atprecis Sync="TRUE">0</atprecis><attscale Sync="TRUE">0</attscale></attr><attr><attrlabl Sync="TRUE">F_Code</attrlabl><attalias Sync="TRUE">F_Code</attalias><attrtype Sync="TRUE">SmallInteger</attrtype><attwidth Sync="TRUE">4</attwidth><atprecis Sync="TRUE">4</atprecis><attscale Sync="TRUE">0</attscale></attr><attr><attrlabl Sync="TRUE">State</attrlabl><attalias Sync="TRUE">State</attalias><attrtype Sync="TRUE">String</attrtype><attwidth Sync="TRUE">20</attwidth><atprecis Sync="TRUE">0</atprecis><attscale Sync="TRUE">0</attscale></attr><attr><attrlabl Sync="TRUE">State_FIPS</attrlabl><attalias Sync="TRUE">State_FIPS</attalias><attrtype Sync="TRUE">String</attrtype><attwidth Sync="TRUE">20</attwidth><atprecis Sync="TRUE">0</atprecis><attscale Sync="TRUE">0</attscale></attr><attr><attrlabl Sync="TRUE">Region</attrlabl><attalias Sync="TRUE">Region</attalias><attrtype Sync="TRUE">SmallInteger</attrtype><attwidth Sync="TRUE">4</attwidth><atprecis Sync="TRUE">4</atprecis><attscale Sync="TRUE">0</attscale></attr><attr><attrlabl Sync="TRUE">Perim_mi</attrlabl><attalias Sync="TRUE">Perim_mi</attalias><attrtype Sync="TRUE">Double</attrtype><attwidth Sync="TRUE">19</attwidth><atprecis Sync="TRUE">0</atprecis><attscale Sync="TRUE">0</attscale></attr><attr><attrlabl Sync="TRUE">Area_mi</attrlabl><attalias Sync="TRUE">Area_mi</attalias><attrtype Sync="TRUE">Double</attrtype><attwidth Sync="TRUE">19</attwidth><atprecis Sync="TRUE">0</atprecis><attscale Sync="TRUE">0</attscale></attr><attr><attrlabl Sync="TRUE">GM_f_code</attrlabl><attalias Sync="TRUE">GM_f_code</attalias><attrtype Sync="TRUE">String</attrtype><attwidth Sync="TRUE">5</attwidth><atprecis Sync="TRUE">0</atprecis><attscale Sync="TRUE">0</attscale></attr><attr><attrlabl Sync="TRUE">GM_hyc</attrlabl><attalias Sync="TRUE">GM_hyc</attalias><attrtype Sync="TRUE">SmallInteger</attrtype><attwidth Sync="TRUE">4</attwidth><atprecis Sync="TRUE">4</atprecis><attscale Sync="TRUE">0</attscale></attr><attr><attrlabl Sync="TRUE">GM_hyt</attrlabl><attalias Sync="TRUE">GM_hyt</attalias><attrtype Sync="TRUE">SmallInteger</attrtype><attwidth Sync="TRUE">4</attwidth><atprecis Sync="TRUE">4</atprecis><attscale Sync="TRUE">0</attscale></attr><attr><attrlabl Sync="TRUE">GM_nam</attrlabl><attalias Sync="TRUE">GM_nam</attalias><attrtype Sync="TRUE">String</attrtype><attwidth Sync="TRUE">150</attwidth><atprecis Sync="TRUE">0</atprecis><attscale Sync="TRUE">0</attscale></attr><attr><attrlabl Sync="TRUE">GM_soc</attrlabl><attalias Sync="TRUE">GM_soc</attalias><attrtype Sync="TRUE">String</attrtype><attwidth Sync="TRUE">3</attwidth><atprecis Sync="TRUE">0</atprecis><attscale Sync="TRUE">0</attscale></attr><attr><attrlabl Sync="TRUE">LONGITUDE</attrlabl><attalias Sync="TRUE">LONGITUDE</attalias><attrtype Sync="TRUE">Single</attrtype><attwidth Sync="TRUE">13</attwidth><atprecis Sync="TRUE">0</atprecis><attscale Sync="TRUE">0</attscale></attr><attr><attrlabl Sync="TRUE">LATITUDE</attrlabl><attalias Sync="TRUE">LATITUDE</attalias><attrtype Sync="TRUE">Single</attrtype><attwidth Sync="TRUE">13</attwidth><atprecis Sync="TRUE">0</atprecis><attscale Sync="TRUE">0</attscale></attr></detailed></eainfo><mdDateSt Sync="TRUE">20150227</mdDateSt><mdChar><CharSetCd value="004" Sync="TRUE"></CharSetCd></mdChar></metadata>
